<?xml version="1.0" encoding="UTF-8"?>
<project-private xmlns="http://www.netbeans.org/ns/project-private/1">
    <editor-bookmarks xmlns="http://www.netbeans.org/ns/editor-bookmarks/2" lastBookmarkId="0"/>
    <open-files xmlns="http://www.netbeans.org/ns/projectui-open-files/2">
        <group>
            <file>file:/C:/Users/ofentse.LAPTOP-919M55OO/Documents/sanbank/sanbank/src/com/enviro/assessment/grad001/ofentseKhampe/user1.java</file>
            <file>file:/C:/Users/ofentse.LAPTOP-919M55OO/Documents/sanbank/sanbank/src/com/enviro/assessment/grad001/ofentseKhampe/withdraw.java</file>
            <file>file:/C:/Users/ofentse.LAPTOP-919M55OO/Documents/sanbank/sanbank/src/com/enviro/assessment/grad001/ofentseKhampe/mainmenu.java</file>
            <file>file:/C:/Users/ofentse.LAPTOP-919M55OO/Documents/sanbank/sanbank/src/com/enviro/assessment/grad001/ofentseKhampe/account.java</file>
            <file>file:/C:/Users/ofentse.LAPTOP-919M55OO/Documents/sanbank/sanbank/src/com/enviro/assessment/grad001/ofentseKhampe/cusreport.java</file>
            <file>file:/C:/Users/ofentse.LAPTOP-919M55OO/Documents/sanbank/sanbank/src/com/enviro/assessment/grad001/ofentseKhampe/user.java</file>
            <file>file:/C:/Users/ofentse.LAPTOP-919M55OO/Documents/sanbank/sanbank/src/com/enviro/assessment/grad001/ofentseKhampe/customer.java</file>
            <file>file:/C:/Users/ofentse.LAPTOP-919M55OO/Documents/sanbank/sanbank/src/com/enviro/assessment/grad001/ofentseKhampe/transfer.java</file>
            <file>file:/C:/Users/ofentse.LAPTOP-919M55OO/Documents/sanbank/sanbank/src/com/enviro/assessment/grad001/ofentseKhampe/balance.java</file>
            <file>file:/C:/Users/ofentse.LAPTOP-919M55OO/Documents/sanbank/sanbank/src/com/enviro/assessment/grad001/ofentseKhampe/deposit.java</file>
            <file>file:/C:/Users/ofentse.LAPTOP-919M55OO/Documents/sanbank/sanbank/src/com/enviro/assessment/grad001/ofentseKhampe/login.java</file>
            <file>file:/C:/Users/ofentse.LAPTOP-919M55OO/Documents/sanbank/sanbank/src/com/enviro/assessment/grad001/ofentseKhampe/newUser.java</file>
        </group>
    </open-files>
</project-private>
